,genre,path
0,blues,./genres/blues/blues.00000.wav
1,blues,./genres/blues/blues.00001.wav
2,blues,./genres/blues/blues.00002.wav
3,blues,./genres/blues/blues.00003.wav
4,blues,./genres/blues/blues.00004.wav
5,blues,./genres/blues/blues.00005.wav
6,blues,./genres/blues/blues.00006.wav
7,blues,./genres/blues/blues.00007.wav
8,blues,./genres/blues/blues.00008.wav
9,blues,./genres/blues/blues.00009.wav
10,blues,./genres/blues/blues.00010.wav
11,blues,./genres/blues/blues.00011.wav
12,blues,./genres/blues/blues.00012.wav
13,blues,./genres/blues/blues.00013.wav
14,blues,./genres/blues/blues.00014.wav
15,blues,./genres/blues/blues.00015.wav
16,blues,./genres/blues/blues.00016.wav
17,blues,./genres/blues/blues.00017.wav
18,blues,./genres/blues/blues.00018.wav
19,blues,./genres/blues/blues.00019.wav
20,blues,./genres/blues/blues.00020.wav
21,blues,./genres/blues/blues.00021.wav
22,blues,./genres/blues/blues.00022.wav
23,blues,./genres/blues/blues.00023.wav
24,blues,./genres/blues/blues.00024.wav
25,blues,./genres/blues/blues.00025.wav
26,blues,./genres/blues/blues.00026.wav
27,blues,./genres/blues/blues.00027.wav
28,blues,./genres/blues/blues.00028.wav
29,blues,./genres/blues/blues.00029.wav
30,blues,./genres/blues/blues.00030.wav
31,blues,./genres/blues/blues.00031.wav
32,blues,./genres/blues/blues.00032.wav
33,blues,./genres/blues/blues.00033.wav
34,blues,./genres/blues/blues.00034.wav
35,blues,./genres/blues/blues.00035.wav
36,blues,./genres/blues/blues.00036.wav
37,blues,./genres/blues/blues.00037.wav
38,blues,./genres/blues/blues.00038.wav
39,blues,./genres/blues/blues.00039.wav
40,blues,./genres/blues/blues.00040.wav
41,blues,./genres/blues/blues.00041.wav
42,blues,./genres/blues/blues.00042.wav
43,blues,./genres/blues/blues.00043.wav
44,blues,./genres/blues/blues.00044.wav
45,blues,./genres/blues/blues.00045.wav
46,blues,./genres/blues/blues.00046.wav
47,blues,./genres/blues/blues.00047.wav
48,blues,./genres/blues/blues.00048.wav
49,blues,./genres/blues/blues.00049.wav
50,blues,./genres/blues/blues.00050.wav
51,blues,./genres/blues/blues.00051.wav
52,blues,./genres/blues/blues.00052.wav
53,blues,./genres/blues/blues.00053.wav
54,blues,./genres/blues/blues.00054.wav
55,blues,./genres/blues/blues.00055.wav
56,blues,./genres/blues/blues.00056.wav
57,blues,./genres/blues/blues.00057.wav
58,blues,./genres/blues/blues.00058.wav
59,blues,./genres/blues/blues.00059.wav
60,blues,./genres/blues/blues.00060.wav
61,blues,./genres/blues/blues.00061.wav
62,blues,./genres/blues/blues.00062.wav
63,blues,./genres/blues/blues.00063.wav
64,blues,./genres/blues/blues.00064.wav
65,blues,./genres/blues/blues.00065.wav
66,blues,./genres/blues/blues.00066.wav
67,blues,./genres/blues/blues.00067.wav
68,blues,./genres/blues/blues.00068.wav
69,blues,./genres/blues/blues.00069.wav
70,blues,./genres/blues/blues.00070.wav
71,blues,./genres/blues/blues.00071.wav
72,blues,./genres/blues/blues.00072.wav
73,blues,./genres/blues/blues.00073.wav
74,blues,./genres/blues/blues.00074.wav
75,blues,./genres/blues/blues.00075.wav
76,blues,./genres/blues/blues.00076.wav
77,blues,./genres/blues/blues.00077.wav
78,blues,./genres/blues/blues.00078.wav
79,blues,./genres/blues/blues.00079.wav
80,blues,./genres/blues/blues.00080.wav
81,blues,./genres/blues/blues.00081.wav
82,blues,./genres/blues/blues.00082.wav
83,blues,./genres/blues/blues.00083.wav
84,blues,./genres/blues/blues.00084.wav
85,blues,./genres/blues/blues.00085.wav
86,blues,./genres/blues/blues.00086.wav
87,blues,./genres/blues/blues.00087.wav
88,blues,./genres/blues/blues.00088.wav
89,blues,./genres/blues/blues.00089.wav
90,blues,./genres/blues/blues.00090.wav
91,blues,./genres/blues/blues.00091.wav
92,blues,./genres/blues/blues.00092.wav
93,blues,./genres/blues/blues.00093.wav
94,blues,./genres/blues/blues.00094.wav
95,blues,./genres/blues/blues.00095.wav
96,blues,./genres/blues/blues.00096.wav
97,blues,./genres/blues/blues.00097.wav
98,blues,./genres/blues/blues.00098.wav
99,blues,./genres/blues/blues.00099.wav
100,classical,./genres/classical/classical.00000.wav
101,classical,./genres/classical/classical.00001.wav
102,classical,./genres/classical/classical.00002.wav
103,classical,./genres/classical/classical.00003.wav
104,classical,./genres/classical/classical.00004.wav
105,classical,./genres/classical/classical.00005.wav
106,classical,./genres/classical/classical.00006.wav
107,classical,./genres/classical/classical.00007.wav
108,classical,./genres/classical/classical.00008.wav
109,classical,./genres/classical/classical.00009.wav
110,classical,./genres/classical/classical.00010.wav
111,classical,./genres/classical/classical.00011.wav
112,classical,./genres/classical/classical.00012.wav
113,classical,./genres/classical/classical.00013.wav
114,classical,./genres/classical/classical.00014.wav
115,classical,./genres/classical/classical.00015.wav
116,classical,./genres/classical/classical.00016.wav
117,classical,./genres/classical/classical.00017.wav
118,classical,./genres/classical/classical.00018.wav
119,classical,./genres/classical/classical.00019.wav
120,classical,./genres/classical/classical.00020.wav
121,classical,./genres/classical/classical.00021.wav
122,classical,./genres/classical/classical.00022.wav
123,classical,./genres/classical/classical.00023.wav
124,classical,./genres/classical/classical.00024.wav
125,classical,./genres/classical/classical.00025.wav
126,classical,./genres/classical/classical.00026.wav
127,classical,./genres/classical/classical.00027.wav
128,classical,./genres/classical/classical.00028.wav
129,classical,./genres/classical/classical.00029.wav
130,classical,./genres/classical/classical.00030.wav
131,classical,./genres/classical/classical.00031.wav
132,classical,./genres/classical/classical.00032.wav
133,classical,./genres/classical/classical.00033.wav
134,classical,./genres/classical/classical.00034.wav
135,classical,./genres/classical/classical.00035.wav
136,classical,./genres/classical/classical.00036.wav
137,classical,./genres/classical/classical.00037.wav
138,classical,./genres/classical/classical.00038.wav
139,classical,./genres/classical/classical.00039.wav
140,classical,./genres/classical/classical.00040.wav
141,classical,./genres/classical/classical.00041.wav
142,classical,./genres/classical/classical.00042.wav
143,classical,./genres/classical/classical.00043.wav
144,classical,./genres/classical/classical.00044.wav
145,classical,./genres/classical/classical.00045.wav
146,classical,./genres/classical/classical.00046.wav
147,classical,./genres/classical/classical.00047.wav
148,classical,./genres/classical/classical.00048.wav
149,classical,./genres/classical/classical.00049.wav
150,classical,./genres/classical/classical.00050.wav
151,classical,./genres/classical/classical.00051.wav
152,classical,./genres/classical/classical.00052.wav
153,classical,./genres/classical/classical.00053.wav
154,classical,./genres/classical/classical.00054.wav
155,classical,./genres/classical/classical.00055.wav
156,classical,./genres/classical/classical.00056.wav
157,classical,./genres/classical/classical.00057.wav
158,classical,./genres/classical/classical.00058.wav
159,classical,./genres/classical/classical.00059.wav
160,classical,./genres/classical/classical.00060.wav
161,classical,./genres/classical/classical.00061.wav
162,classical,./genres/classical/classical.00062.wav
163,classical,./genres/classical/classical.00063.wav
164,classical,./genres/classical/classical.00064.wav
165,classical,./genres/classical/classical.00065.wav
166,classical,./genres/classical/classical.00066.wav
167,classical,./genres/classical/classical.00067.wav
168,classical,./genres/classical/classical.00068.wav
169,classical,./genres/classical/classical.00069.wav
170,classical,./genres/classical/classical.00070.wav
171,classical,./genres/classical/classical.00071.wav
172,classical,./genres/classical/classical.00072.wav
173,classical,./genres/classical/classical.00073.wav
174,classical,./genres/classical/classical.00074.wav
175,classical,./genres/classical/classical.00075.wav
176,classical,./genres/classical/classical.00076.wav
177,classical,./genres/classical/classical.00077.wav
178,classical,./genres/classical/classical.00078.wav
179,classical,./genres/classical/classical.00079.wav
180,classical,./genres/classical/classical.00080.wav
181,classical,./genres/classical/classical.00081.wav
182,classical,./genres/classical/classical.00082.wav
183,classical,./genres/classical/classical.00083.wav
184,classical,./genres/classical/classical.00084.wav
185,classical,./genres/classical/classical.00085.wav
186,classical,./genres/classical/classical.00086.wav
187,classical,./genres/classical/classical.00087.wav
188,classical,./genres/classical/classical.00088.wav
189,classical,./genres/classical/classical.00089.wav
190,classical,./genres/classical/classical.00090.wav
191,classical,./genres/classical/classical.00091.wav
192,classical,./genres/classical/classical.00092.wav
193,classical,./genres/classical/classical.00093.wav
194,classical,./genres/classical/classical.00094.wav
195,classical,./genres/classical/classical.00095.wav
196,classical,./genres/classical/classical.00096.wav
197,classical,./genres/classical/classical.00097.wav
198,classical,./genres/classical/classical.00098.wav
199,classical,./genres/classical/classical.00099.wav
200,country,./genres/country/country.00000.wav
201,country,./genres/country/country.00001.wav
202,country,./genres/country/country.00002.wav
203,country,./genres/country/country.00003.wav
204,country,./genres/country/country.00004.wav
205,country,./genres/country/country.00005.wav
206,country,./genres/country/country.00006.wav
207,country,./genres/country/country.00007.wav
208,country,./genres/country/country.00008.wav
209,country,./genres/country/country.00009.wav
210,country,./genres/country/country.00010.wav
211,country,./genres/country/country.00011.wav
212,country,./genres/country/country.00012.wav
213,country,./genres/country/country.00013.wav
214,country,./genres/country/country.00014.wav
215,country,./genres/country/country.00015.wav
216,country,./genres/country/country.00016.wav
217,country,./genres/country/country.00017.wav
218,country,./genres/country/country.00018.wav
219,country,./genres/country/country.00019.wav
220,country,./genres/country/country.00020.wav
221,country,./genres/country/country.00021.wav
222,country,./genres/country/country.00022.wav
223,country,./genres/country/country.00023.wav
224,country,./genres/country/country.00024.wav
225,country,./genres/country/country.00025.wav
226,country,./genres/country/country.00026.wav
227,country,./genres/country/country.00027.wav
228,country,./genres/country/country.00028.wav
229,country,./genres/country/country.00029.wav
230,country,./genres/country/country.00030.wav
231,country,./genres/country/country.00031.wav
232,country,./genres/country/country.00032.wav
233,country,./genres/country/country.00033.wav
234,country,./genres/country/country.00034.wav
235,country,./genres/country/country.00035.wav
236,country,./genres/country/country.00036.wav
237,country,./genres/country/country.00037.wav
238,country,./genres/country/country.00038.wav
239,country,./genres/country/country.00039.wav
240,country,./genres/country/country.00040.wav
241,country,./genres/country/country.00041.wav
242,country,./genres/country/country.00042.wav
243,country,./genres/country/country.00043.wav
244,country,./genres/country/country.00044.wav
245,country,./genres/country/country.00045.wav
246,country,./genres/country/country.00046.wav
247,country,./genres/country/country.00047.wav
248,country,./genres/country/country.00048.wav
249,country,./genres/country/country.00049.wav
250,country,./genres/country/country.00050.wav
251,country,./genres/country/country.00051.wav
252,country,./genres/country/country.00052.wav
253,country,./genres/country/country.00053.wav
254,country,./genres/country/country.00054.wav
255,country,./genres/country/country.00055.wav
256,country,./genres/country/country.00056.wav
257,country,./genres/country/country.00057.wav
258,country,./genres/country/country.00058.wav
259,country,./genres/country/country.00059.wav
260,country,./genres/country/country.00060.wav
261,country,./genres/country/country.00061.wav
262,country,./genres/country/country.00062.wav
263,country,./genres/country/country.00063.wav
264,country,./genres/country/country.00064.wav
265,country,./genres/country/country.00065.wav
266,country,./genres/country/country.00066.wav
267,country,./genres/country/country.00067.wav
268,country,./genres/country/country.00068.wav
269,country,./genres/country/country.00069.wav
270,country,./genres/country/country.00070.wav
271,country,./genres/country/country.00071.wav
272,country,./genres/country/country.00072.wav
273,country,./genres/country/country.00073.wav
274,country,./genres/country/country.00074.wav
275,country,./genres/country/country.00075.wav
276,country,./genres/country/country.00076.wav
277,country,./genres/country/country.00077.wav
278,country,./genres/country/country.00078.wav
279,country,./genres/country/country.00079.wav
280,country,./genres/country/country.00080.wav
281,country,./genres/country/country.00081.wav
282,country,./genres/country/country.00082.wav
283,country,./genres/country/country.00083.wav
284,country,./genres/country/country.00084.wav
285,country,./genres/country/country.00085.wav
286,country,./genres/country/country.00086.wav
287,country,./genres/country/country.00087.wav
288,country,./genres/country/country.00088.wav
289,country,./genres/country/country.00089.wav
290,country,./genres/country/country.00090.wav
291,country,./genres/country/country.00091.wav
292,country,./genres/country/country.00092.wav
293,country,./genres/country/country.00093.wav
294,country,./genres/country/country.00094.wav
295,country,./genres/country/country.00095.wav
296,country,./genres/country/country.00096.wav
297,country,./genres/country/country.00097.wav
298,country,./genres/country/country.00098.wav
299,country,./genres/country/country.00099.wav
300,disco,./genres/disco/disco.00000.wav
301,disco,./genres/disco/disco.00001.wav
302,disco,./genres/disco/disco.00002.wav
303,disco,./genres/disco/disco.00003.wav
304,disco,./genres/disco/disco.00004.wav
305,disco,./genres/disco/disco.00005.wav
306,disco,./genres/disco/disco.00006.wav
307,disco,./genres/disco/disco.00007.wav
308,disco,./genres/disco/disco.00008.wav
309,disco,./genres/disco/disco.00009.wav
310,disco,./genres/disco/disco.00010.wav
311,disco,./genres/disco/disco.00011.wav
312,disco,./genres/disco/disco.00012.wav
313,disco,./genres/disco/disco.00013.wav
314,disco,./genres/disco/disco.00014.wav
315,disco,./genres/disco/disco.00015.wav
316,disco,./genres/disco/disco.00016.wav
317,disco,./genres/disco/disco.00017.wav
318,disco,./genres/disco/disco.00018.wav
319,disco,./genres/disco/disco.00019.wav
320,disco,./genres/disco/disco.00020.wav
321,disco,./genres/disco/disco.00021.wav
322,disco,./genres/disco/disco.00022.wav
323,disco,./genres/disco/disco.00023.wav
324,disco,./genres/disco/disco.00024.wav
325,disco,./genres/disco/disco.00025.wav
326,disco,./genres/disco/disco.00026.wav
327,disco,./genres/disco/disco.00027.wav
328,disco,./genres/disco/disco.00028.wav
329,disco,./genres/disco/disco.00029.wav
330,disco,./genres/disco/disco.00030.wav
331,disco,./genres/disco/disco.00031.wav
332,disco,./genres/disco/disco.00032.wav
333,disco,./genres/disco/disco.00033.wav
334,disco,./genres/disco/disco.00034.wav
335,disco,./genres/disco/disco.00035.wav
336,disco,./genres/disco/disco.00036.wav
337,disco,./genres/disco/disco.00037.wav
338,disco,./genres/disco/disco.00038.wav
339,disco,./genres/disco/disco.00039.wav
340,disco,./genres/disco/disco.00040.wav
341,disco,./genres/disco/disco.00041.wav
342,disco,./genres/disco/disco.00042.wav
343,disco,./genres/disco/disco.00043.wav
344,disco,./genres/disco/disco.00044.wav
345,disco,./genres/disco/disco.00045.wav
346,disco,./genres/disco/disco.00046.wav
347,disco,./genres/disco/disco.00047.wav
348,disco,./genres/disco/disco.00048.wav
349,disco,./genres/disco/disco.00049.wav
350,disco,./genres/disco/disco.00050.wav
351,disco,./genres/disco/disco.00051.wav
352,disco,./genres/disco/disco.00052.wav
353,disco,./genres/disco/disco.00053.wav
354,disco,./genres/disco/disco.00054.wav
355,disco,./genres/disco/disco.00055.wav
356,disco,./genres/disco/disco.00056.wav
357,disco,./genres/disco/disco.00057.wav
358,disco,./genres/disco/disco.00058.wav
359,disco,./genres/disco/disco.00059.wav
360,disco,./genres/disco/disco.00060.wav
361,disco,./genres/disco/disco.00061.wav
362,disco,./genres/disco/disco.00062.wav
363,disco,./genres/disco/disco.00063.wav
364,disco,./genres/disco/disco.00064.wav
365,disco,./genres/disco/disco.00065.wav
366,disco,./genres/disco/disco.00066.wav
367,disco,./genres/disco/disco.00067.wav
368,disco,./genres/disco/disco.00068.wav
369,disco,./genres/disco/disco.00069.wav
370,disco,./genres/disco/disco.00070.wav
371,disco,./genres/disco/disco.00071.wav
372,disco,./genres/disco/disco.00072.wav
373,disco,./genres/disco/disco.00073.wav
374,disco,./genres/disco/disco.00074.wav
375,disco,./genres/disco/disco.00075.wav
376,disco,./genres/disco/disco.00076.wav
377,disco,./genres/disco/disco.00077.wav
378,disco,./genres/disco/disco.00078.wav
379,disco,./genres/disco/disco.00079.wav
380,disco,./genres/disco/disco.00080.wav
381,disco,./genres/disco/disco.00081.wav
382,disco,./genres/disco/disco.00082.wav
383,disco,./genres/disco/disco.00083.wav
384,disco,./genres/disco/disco.00084.wav
385,disco,./genres/disco/disco.00085.wav
386,disco,./genres/disco/disco.00086.wav
387,disco,./genres/disco/disco.00087.wav
388,disco,./genres/disco/disco.00088.wav
389,disco,./genres/disco/disco.00089.wav
390,disco,./genres/disco/disco.00090.wav
391,disco,./genres/disco/disco.00091.wav
392,disco,./genres/disco/disco.00092.wav
393,disco,./genres/disco/disco.00093.wav
394,disco,./genres/disco/disco.00094.wav
395,disco,./genres/disco/disco.00095.wav
396,disco,./genres/disco/disco.00096.wav
397,disco,./genres/disco/disco.00097.wav
398,disco,./genres/disco/disco.00098.wav
399,disco,./genres/disco/disco.00099.wav
400,hiphop,./genres/hiphop/hiphop.00000.wav
401,hiphop,./genres/hiphop/hiphop.00001.wav
402,hiphop,./genres/hiphop/hiphop.00002.wav
403,hiphop,./genres/hiphop/hiphop.00003.wav
404,hiphop,./genres/hiphop/hiphop.00004.wav
405,hiphop,./genres/hiphop/hiphop.00005.wav
406,hiphop,./genres/hiphop/hiphop.00006.wav
407,hiphop,./genres/hiphop/hiphop.00007.wav
408,hiphop,./genres/hiphop/hiphop.00008.wav
409,hiphop,./genres/hiphop/hiphop.00009.wav
410,hiphop,./genres/hiphop/hiphop.00010.wav
411,hiphop,./genres/hiphop/hiphop.00011.wav
412,hiphop,./genres/hiphop/hiphop.00012.wav
413,hiphop,./genres/hiphop/hiphop.00013.wav
414,hiphop,./genres/hiphop/hiphop.00014.wav
415,hiphop,./genres/hiphop/hiphop.00015.wav
416,hiphop,./genres/hiphop/hiphop.00016.wav
417,hiphop,./genres/hiphop/hiphop.00017.wav
418,hiphop,./genres/hiphop/hiphop.00018.wav
419,hiphop,./genres/hiphop/hiphop.00019.wav
420,hiphop,./genres/hiphop/hiphop.00020.wav
421,hiphop,./genres/hiphop/hiphop.00021.wav
422,hiphop,./genres/hiphop/hiphop.00022.wav
423,hiphop,./genres/hiphop/hiphop.00023.wav
424,hiphop,./genres/hiphop/hiphop.00024.wav
425,hiphop,./genres/hiphop/hiphop.00025.wav
426,hiphop,./genres/hiphop/hiphop.00026.wav
427,hiphop,./genres/hiphop/hiphop.00027.wav
428,hiphop,./genres/hiphop/hiphop.00028.wav
429,hiphop,./genres/hiphop/hiphop.00029.wav
430,hiphop,./genres/hiphop/hiphop.00030.wav
431,hiphop,./genres/hiphop/hiphop.00031.wav
432,hiphop,./genres/hiphop/hiphop.00032.wav
433,hiphop,./genres/hiphop/hiphop.00033.wav
434,hiphop,./genres/hiphop/hiphop.00034.wav
435,hiphop,./genres/hiphop/hiphop.00035.wav
436,hiphop,./genres/hiphop/hiphop.00036.wav
437,hiphop,./genres/hiphop/hiphop.00037.wav
438,hiphop,./genres/hiphop/hiphop.00038.wav
439,hiphop,./genres/hiphop/hiphop.00039.wav
440,hiphop,./genres/hiphop/hiphop.00040.wav
441,hiphop,./genres/hiphop/hiphop.00041.wav
442,hiphop,./genres/hiphop/hiphop.00042.wav
443,hiphop,./genres/hiphop/hiphop.00043.wav
444,hiphop,./genres/hiphop/hiphop.00044.wav
445,hiphop,./genres/hiphop/hiphop.00045.wav
446,hiphop,./genres/hiphop/hiphop.00046.wav
447,hiphop,./genres/hiphop/hiphop.00047.wav
448,hiphop,./genres/hiphop/hiphop.00048.wav
449,hiphop,./genres/hiphop/hiphop.00049.wav
450,hiphop,./genres/hiphop/hiphop.00050.wav
451,hiphop,./genres/hiphop/hiphop.00051.wav
452,hiphop,./genres/hiphop/hiphop.00052.wav
453,hiphop,./genres/hiphop/hiphop.00053.wav
454,hiphop,./genres/hiphop/hiphop.00054.wav
455,hiphop,./genres/hiphop/hiphop.00055.wav
456,hiphop,./genres/hiphop/hiphop.00056.wav
457,hiphop,./genres/hiphop/hiphop.00057.wav
458,hiphop,./genres/hiphop/hiphop.00058.wav
459,hiphop,./genres/hiphop/hiphop.00059.wav
460,hiphop,./genres/hiphop/hiphop.00060.wav
461,hiphop,./genres/hiphop/hiphop.00061.wav
462,hiphop,./genres/hiphop/hiphop.00062.wav
463,hiphop,./genres/hiphop/hiphop.00063.wav
464,hiphop,./genres/hiphop/hiphop.00064.wav
465,hiphop,./genres/hiphop/hiphop.00065.wav
466,hiphop,./genres/hiphop/hiphop.00066.wav
467,hiphop,./genres/hiphop/hiphop.00067.wav
468,hiphop,./genres/hiphop/hiphop.00068.wav
469,hiphop,./genres/hiphop/hiphop.00069.wav
470,hiphop,./genres/hiphop/hiphop.00070.wav
471,hiphop,./genres/hiphop/hiphop.00071.wav
472,hiphop,./genres/hiphop/hiphop.00072.wav
473,hiphop,./genres/hiphop/hiphop.00073.wav
474,hiphop,./genres/hiphop/hiphop.00074.wav
475,hiphop,./genres/hiphop/hiphop.00075.wav
476,hiphop,./genres/hiphop/hiphop.00076.wav
477,hiphop,./genres/hiphop/hiphop.00077.wav
478,hiphop,./genres/hiphop/hiphop.00078.wav
479,hiphop,./genres/hiphop/hiphop.00079.wav
480,hiphop,./genres/hiphop/hiphop.00080.wav
481,hiphop,./genres/hiphop/hiphop.00081.wav
482,hiphop,./genres/hiphop/hiphop.00082.wav
483,hiphop,./genres/hiphop/hiphop.00083.wav
484,hiphop,./genres/hiphop/hiphop.00084.wav
485,hiphop,./genres/hiphop/hiphop.00085.wav
486,hiphop,./genres/hiphop/hiphop.00086.wav
487,hiphop,./genres/hiphop/hiphop.00087.wav
488,hiphop,./genres/hiphop/hiphop.00088.wav
489,hiphop,./genres/hiphop/hiphop.00089.wav
490,hiphop,./genres/hiphop/hiphop.00090.wav
491,hiphop,./genres/hiphop/hiphop.00091.wav
492,hiphop,./genres/hiphop/hiphop.00092.wav
493,hiphop,./genres/hiphop/hiphop.00093.wav
494,hiphop,./genres/hiphop/hiphop.00094.wav
495,hiphop,./genres/hiphop/hiphop.00095.wav
496,hiphop,./genres/hiphop/hiphop.00096.wav
497,hiphop,./genres/hiphop/hiphop.00097.wav
498,hiphop,./genres/hiphop/hiphop.00098.wav
499,hiphop,./genres/hiphop/hiphop.00099.wav
500,jazz,./genres/jazz/jazz.00000.wav
501,jazz,./genres/jazz/jazz.00001.wav
502,jazz,./genres/jazz/jazz.00002.wav
503,jazz,./genres/jazz/jazz.00003.wav
504,jazz,./genres/jazz/jazz.00004.wav
505,jazz,./genres/jazz/jazz.00005.wav
506,jazz,./genres/jazz/jazz.00006.wav
507,jazz,./genres/jazz/jazz.00007.wav
508,jazz,./genres/jazz/jazz.00008.wav
509,jazz,./genres/jazz/jazz.00009.wav
510,jazz,./genres/jazz/jazz.00010.wav
511,jazz,./genres/jazz/jazz.00011.wav
512,jazz,./genres/jazz/jazz.00012.wav
513,jazz,./genres/jazz/jazz.00013.wav
514,jazz,./genres/jazz/jazz.00014.wav
515,jazz,./genres/jazz/jazz.00015.wav
516,jazz,./genres/jazz/jazz.00016.wav
517,jazz,./genres/jazz/jazz.00017.wav
518,jazz,./genres/jazz/jazz.00018.wav
519,jazz,./genres/jazz/jazz.00019.wav
520,jazz,./genres/jazz/jazz.00020.wav
521,jazz,./genres/jazz/jazz.00021.wav
522,jazz,./genres/jazz/jazz.00022.wav
523,jazz,./genres/jazz/jazz.00023.wav
524,jazz,./genres/jazz/jazz.00024.wav
525,jazz,./genres/jazz/jazz.00025.wav
526,jazz,./genres/jazz/jazz.00026.wav
527,jazz,./genres/jazz/jazz.00027.wav
528,jazz,./genres/jazz/jazz.00028.wav
529,jazz,./genres/jazz/jazz.00029.wav
530,jazz,./genres/jazz/jazz.00030.wav
531,jazz,./genres/jazz/jazz.00031.wav
532,jazz,./genres/jazz/jazz.00032.wav
533,jazz,./genres/jazz/jazz.00033.wav
534,jazz,./genres/jazz/jazz.00034.wav
535,jazz,./genres/jazz/jazz.00035.wav
536,jazz,./genres/jazz/jazz.00036.wav
537,jazz,./genres/jazz/jazz.00037.wav
538,jazz,./genres/jazz/jazz.00038.wav
539,jazz,./genres/jazz/jazz.00039.wav
540,jazz,./genres/jazz/jazz.00040.wav
541,jazz,./genres/jazz/jazz.00041.wav
542,jazz,./genres/jazz/jazz.00042.wav
543,jazz,./genres/jazz/jazz.00043.wav
544,jazz,./genres/jazz/jazz.00044.wav
545,jazz,./genres/jazz/jazz.00045.wav
546,jazz,./genres/jazz/jazz.00046.wav
547,jazz,./genres/jazz/jazz.00047.wav
548,jazz,./genres/jazz/jazz.00048.wav
549,jazz,./genres/jazz/jazz.00049.wav
550,jazz,./genres/jazz/jazz.00050.wav
551,jazz,./genres/jazz/jazz.00051.wav
552,jazz,./genres/jazz/jazz.00052.wav
553,jazz,./genres/jazz/jazz.00053.wav
554,jazz,./genres/jazz/jazz.00054.wav
555,jazz,./genres/jazz/jazz.00055.wav
556,jazz,./genres/jazz/jazz.00056.wav
557,jazz,./genres/jazz/jazz.00057.wav
558,jazz,./genres/jazz/jazz.00058.wav
559,jazz,./genres/jazz/jazz.00059.wav
560,jazz,./genres/jazz/jazz.00060.wav
561,jazz,./genres/jazz/jazz.00061.wav
562,jazz,./genres/jazz/jazz.00062.wav
563,jazz,./genres/jazz/jazz.00063.wav
564,jazz,./genres/jazz/jazz.00064.wav
565,jazz,./genres/jazz/jazz.00065.wav
566,jazz,./genres/jazz/jazz.00066.wav
567,jazz,./genres/jazz/jazz.00067.wav
568,jazz,./genres/jazz/jazz.00068.wav
569,jazz,./genres/jazz/jazz.00069.wav
570,jazz,./genres/jazz/jazz.00070.wav
571,jazz,./genres/jazz/jazz.00071.wav
572,jazz,./genres/jazz/jazz.00072.wav
573,jazz,./genres/jazz/jazz.00073.wav
574,jazz,./genres/jazz/jazz.00074.wav
575,jazz,./genres/jazz/jazz.00075.wav
576,jazz,./genres/jazz/jazz.00076.wav
577,jazz,./genres/jazz/jazz.00077.wav
578,jazz,./genres/jazz/jazz.00078.wav
579,jazz,./genres/jazz/jazz.00079.wav
580,jazz,./genres/jazz/jazz.00080.wav
581,jazz,./genres/jazz/jazz.00081.wav
582,jazz,./genres/jazz/jazz.00082.wav
583,jazz,./genres/jazz/jazz.00083.wav
584,jazz,./genres/jazz/jazz.00084.wav
585,jazz,./genres/jazz/jazz.00085.wav
586,jazz,./genres/jazz/jazz.00086.wav
587,jazz,./genres/jazz/jazz.00087.wav
588,jazz,./genres/jazz/jazz.00088.wav
589,jazz,./genres/jazz/jazz.00089.wav
590,jazz,./genres/jazz/jazz.00090.wav
591,jazz,./genres/jazz/jazz.00091.wav
592,jazz,./genres/jazz/jazz.00092.wav
593,jazz,./genres/jazz/jazz.00093.wav
594,jazz,./genres/jazz/jazz.00094.wav
595,jazz,./genres/jazz/jazz.00095.wav
596,jazz,./genres/jazz/jazz.00096.wav
597,jazz,./genres/jazz/jazz.00097.wav
598,jazz,./genres/jazz/jazz.00098.wav
599,jazz,./genres/jazz/jazz.00099.wav
600,metal,./genres/metal/metal.00000.wav
601,metal,./genres/metal/metal.00001.wav
602,metal,./genres/metal/metal.00002.wav
603,metal,./genres/metal/metal.00003.wav
604,metal,./genres/metal/metal.00004.wav
605,metal,./genres/metal/metal.00005.wav
606,metal,./genres/metal/metal.00006.wav
607,metal,./genres/metal/metal.00007.wav
608,metal,./genres/metal/metal.00008.wav
609,metal,./genres/metal/metal.00009.wav
610,metal,./genres/metal/metal.00010.wav
611,metal,./genres/metal/metal.00011.wav
612,metal,./genres/metal/metal.00012.wav
613,metal,./genres/metal/metal.00013.wav
614,metal,./genres/metal/metal.00014.wav
615,metal,./genres/metal/metal.00015.wav
616,metal,./genres/metal/metal.00016.wav
617,metal,./genres/metal/metal.00017.wav
618,metal,./genres/metal/metal.00018.wav
619,metal,./genres/metal/metal.00019.wav
620,metal,./genres/metal/metal.00020.wav
621,metal,./genres/metal/metal.00021.wav
622,metal,./genres/metal/metal.00022.wav
623,metal,./genres/metal/metal.00023.wav
624,metal,./genres/metal/metal.00024.wav
625,metal,./genres/metal/metal.00025.wav
626,metal,./genres/metal/metal.00026.wav
627,metal,./genres/metal/metal.00027.wav
628,metal,./genres/metal/metal.00028.wav
629,metal,./genres/metal/metal.00029.wav
630,metal,./genres/metal/metal.00030.wav
631,metal,./genres/metal/metal.00031.wav
632,metal,./genres/metal/metal.00032.wav
633,metal,./genres/metal/metal.00033.wav
634,metal,./genres/metal/metal.00034.wav
635,metal,./genres/metal/metal.00035.wav
636,metal,./genres/metal/metal.00036.wav
637,metal,./genres/metal/metal.00037.wav
638,metal,./genres/metal/metal.00038.wav
639,metal,./genres/metal/metal.00039.wav
640,metal,./genres/metal/metal.00040.wav
641,metal,./genres/metal/metal.00041.wav
642,metal,./genres/metal/metal.00042.wav
643,metal,./genres/metal/metal.00043.wav
644,metal,./genres/metal/metal.00044.wav
645,metal,./genres/metal/metal.00045.wav
646,metal,./genres/metal/metal.00046.wav
647,metal,./genres/metal/metal.00047.wav
648,metal,./genres/metal/metal.00048.wav
649,metal,./genres/metal/metal.00049.wav
650,metal,./genres/metal/metal.00050.wav
651,metal,./genres/metal/metal.00051.wav
652,metal,./genres/metal/metal.00052.wav
653,metal,./genres/metal/metal.00053.wav
654,metal,./genres/metal/metal.00054.wav
655,metal,./genres/metal/metal.00055.wav
656,metal,./genres/metal/metal.00056.wav
657,metal,./genres/metal/metal.00057.wav
658,metal,./genres/metal/metal.00058.wav
659,metal,./genres/metal/metal.00059.wav
660,metal,./genres/metal/metal.00060.wav
661,metal,./genres/metal/metal.00061.wav
662,metal,./genres/metal/metal.00062.wav
663,metal,./genres/metal/metal.00063.wav
664,metal,./genres/metal/metal.00064.wav
665,metal,./genres/metal/metal.00065.wav
666,metal,./genres/metal/metal.00066.wav
667,metal,./genres/metal/metal.00067.wav
668,metal,./genres/metal/metal.00068.wav
669,metal,./genres/metal/metal.00069.wav
670,metal,./genres/metal/metal.00070.wav
671,metal,./genres/metal/metal.00071.wav
672,metal,./genres/metal/metal.00072.wav
673,metal,./genres/metal/metal.00073.wav
674,metal,./genres/metal/metal.00074.wav
675,metal,./genres/metal/metal.00075.wav
676,metal,./genres/metal/metal.00076.wav
677,metal,./genres/metal/metal.00077.wav
678,metal,./genres/metal/metal.00078.wav
679,metal,./genres/metal/metal.00079.wav
680,metal,./genres/metal/metal.00080.wav
681,metal,./genres/metal/metal.00081.wav
682,metal,./genres/metal/metal.00082.wav
683,metal,./genres/metal/metal.00083.wav
684,metal,./genres/metal/metal.00084.wav
685,metal,./genres/metal/metal.00085.wav
686,metal,./genres/metal/metal.00086.wav
687,metal,./genres/metal/metal.00087.wav
688,metal,./genres/metal/metal.00088.wav
689,metal,./genres/metal/metal.00089.wav
690,metal,./genres/metal/metal.00090.wav
691,metal,./genres/metal/metal.00091.wav
692,metal,./genres/metal/metal.00092.wav
693,metal,./genres/metal/metal.00093.wav
694,metal,./genres/metal/metal.00094.wav
695,metal,./genres/metal/metal.00095.wav
696,metal,./genres/metal/metal.00096.wav
697,metal,./genres/metal/metal.00097.wav
698,metal,./genres/metal/metal.00098.wav
699,metal,./genres/metal/metal.00099.wav
700,pop,./genres/pop/pop.00000.wav
701,pop,./genres/pop/pop.00001.wav
702,pop,./genres/pop/pop.00002.wav
703,pop,./genres/pop/pop.00003.wav
704,pop,./genres/pop/pop.00004.wav
705,pop,./genres/pop/pop.00005.wav
706,pop,./genres/pop/pop.00006.wav
707,pop,./genres/pop/pop.00007.wav
708,pop,./genres/pop/pop.00008.wav
709,pop,./genres/pop/pop.00009.wav
710,pop,./genres/pop/pop.00010.wav
711,pop,./genres/pop/pop.00011.wav
712,pop,./genres/pop/pop.00012.wav
713,pop,./genres/pop/pop.00013.wav
714,pop,./genres/pop/pop.00014.wav
715,pop,./genres/pop/pop.00015.wav
716,pop,./genres/pop/pop.00016.wav
717,pop,./genres/pop/pop.00017.wav
718,pop,./genres/pop/pop.00018.wav
719,pop,./genres/pop/pop.00019.wav
720,pop,./genres/pop/pop.00020.wav
721,pop,./genres/pop/pop.00021.wav
722,pop,./genres/pop/pop.00022.wav
723,pop,./genres/pop/pop.00023.wav
724,pop,./genres/pop/pop.00024.wav
725,pop,./genres/pop/pop.00025.wav
726,pop,./genres/pop/pop.00026.wav
727,pop,./genres/pop/pop.00027.wav
728,pop,./genres/pop/pop.00028.wav
729,pop,./genres/pop/pop.00029.wav
730,pop,./genres/pop/pop.00030.wav
731,pop,./genres/pop/pop.00031.wav
732,pop,./genres/pop/pop.00032.wav
733,pop,./genres/pop/pop.00033.wav
734,pop,./genres/pop/pop.00034.wav
735,pop,./genres/pop/pop.00035.wav
736,pop,./genres/pop/pop.00036.wav
737,pop,./genres/pop/pop.00037.wav
738,pop,./genres/pop/pop.00038.wav
739,pop,./genres/pop/pop.00039.wav
740,pop,./genres/pop/pop.00040.wav
741,pop,./genres/pop/pop.00041.wav
742,pop,./genres/pop/pop.00042.wav
743,pop,./genres/pop/pop.00043.wav
744,pop,./genres/pop/pop.00044.wav
745,pop,./genres/pop/pop.00045.wav
746,pop,./genres/pop/pop.00046.wav
747,pop,./genres/pop/pop.00047.wav
748,pop,./genres/pop/pop.00048.wav
749,pop,./genres/pop/pop.00049.wav
750,pop,./genres/pop/pop.00050.wav
751,pop,./genres/pop/pop.00051.wav
752,pop,./genres/pop/pop.00052.wav
753,pop,./genres/pop/pop.00053.wav
754,pop,./genres/pop/pop.00054.wav
755,pop,./genres/pop/pop.00055.wav
756,pop,./genres/pop/pop.00056.wav
757,pop,./genres/pop/pop.00057.wav
758,pop,./genres/pop/pop.00058.wav
759,pop,./genres/pop/pop.00059.wav
760,pop,./genres/pop/pop.00060.wav
761,pop,./genres/pop/pop.00061.wav
762,pop,./genres/pop/pop.00062.wav
763,pop,./genres/pop/pop.00063.wav
764,pop,./genres/pop/pop.00064.wav
765,pop,./genres/pop/pop.00065.wav
766,pop,./genres/pop/pop.00066.wav
767,pop,./genres/pop/pop.00067.wav
768,pop,./genres/pop/pop.00068.wav
769,pop,./genres/pop/pop.00069.wav
770,pop,./genres/pop/pop.00070.wav
771,pop,./genres/pop/pop.00071.wav
772,pop,./genres/pop/pop.00072.wav
773,pop,./genres/pop/pop.00073.wav
774,pop,./genres/pop/pop.00074.wav
775,pop,./genres/pop/pop.00075.wav
776,pop,./genres/pop/pop.00076.wav
777,pop,./genres/pop/pop.00077.wav
778,pop,./genres/pop/pop.00078.wav
779,pop,./genres/pop/pop.00079.wav
780,pop,./genres/pop/pop.00080.wav
781,pop,./genres/pop/pop.00081.wav
782,pop,./genres/pop/pop.00082.wav
783,pop,./genres/pop/pop.00083.wav
784,pop,./genres/pop/pop.00084.wav
785,pop,./genres/pop/pop.00085.wav
786,pop,./genres/pop/pop.00086.wav
787,pop,./genres/pop/pop.00087.wav
788,pop,./genres/pop/pop.00088.wav
789,pop,./genres/pop/pop.00089.wav
790,pop,./genres/pop/pop.00090.wav
791,pop,./genres/pop/pop.00091.wav
792,pop,./genres/pop/pop.00092.wav
793,pop,./genres/pop/pop.00093.wav
794,pop,./genres/pop/pop.00094.wav
795,pop,./genres/pop/pop.00095.wav
796,pop,./genres/pop/pop.00096.wav
797,pop,./genres/pop/pop.00097.wav
798,pop,./genres/pop/pop.00098.wav
799,pop,./genres/pop/pop.00099.wav
800,reggae,./genres/reggae/reggae.00000.wav
801,reggae,./genres/reggae/reggae.00001.wav
802,reggae,./genres/reggae/reggae.00002.wav
803,reggae,./genres/reggae/reggae.00003.wav
804,reggae,./genres/reggae/reggae.00004.wav
805,reggae,./genres/reggae/reggae.00005.wav
806,reggae,./genres/reggae/reggae.00006.wav
807,reggae,./genres/reggae/reggae.00007.wav
808,reggae,./genres/reggae/reggae.00008.wav
809,reggae,./genres/reggae/reggae.00009.wav
810,reggae,./genres/reggae/reggae.00010.wav
811,reggae,./genres/reggae/reggae.00011.wav
812,reggae,./genres/reggae/reggae.00012.wav
813,reggae,./genres/reggae/reggae.00013.wav
814,reggae,./genres/reggae/reggae.00014.wav
815,reggae,./genres/reggae/reggae.00015.wav
816,reggae,./genres/reggae/reggae.00016.wav
817,reggae,./genres/reggae/reggae.00017.wav
818,reggae,./genres/reggae/reggae.00018.wav
819,reggae,./genres/reggae/reggae.00019.wav
820,reggae,./genres/reggae/reggae.00020.wav
821,reggae,./genres/reggae/reggae.00021.wav
822,reggae,./genres/reggae/reggae.00022.wav
823,reggae,./genres/reggae/reggae.00023.wav
824,reggae,./genres/reggae/reggae.00024.wav
825,reggae,./genres/reggae/reggae.00025.wav
826,reggae,./genres/reggae/reggae.00026.wav
827,reggae,./genres/reggae/reggae.00027.wav
828,reggae,./genres/reggae/reggae.00028.wav
829,reggae,./genres/reggae/reggae.00029.wav
830,reggae,./genres/reggae/reggae.00030.wav
831,reggae,./genres/reggae/reggae.00031.wav
832,reggae,./genres/reggae/reggae.00032.wav
833,reggae,./genres/reggae/reggae.00033.wav
834,reggae,./genres/reggae/reggae.00034.wav
835,reggae,./genres/reggae/reggae.00035.wav
836,reggae,./genres/reggae/reggae.00036.wav
837,reggae,./genres/reggae/reggae.00037.wav
838,reggae,./genres/reggae/reggae.00038.wav
839,reggae,./genres/reggae/reggae.00039.wav
840,reggae,./genres/reggae/reggae.00040.wav
841,reggae,./genres/reggae/reggae.00041.wav
842,reggae,./genres/reggae/reggae.00042.wav
843,reggae,./genres/reggae/reggae.00043.wav
844,reggae,./genres/reggae/reggae.00044.wav
845,reggae,./genres/reggae/reggae.00045.wav
846,reggae,./genres/reggae/reggae.00046.wav
847,reggae,./genres/reggae/reggae.00047.wav
848,reggae,./genres/reggae/reggae.00048.wav
849,reggae,./genres/reggae/reggae.00049.wav
850,reggae,./genres/reggae/reggae.00050.wav
851,reggae,./genres/reggae/reggae.00051.wav
852,reggae,./genres/reggae/reggae.00052.wav
853,reggae,./genres/reggae/reggae.00053.wav
854,reggae,./genres/reggae/reggae.00054.wav
855,reggae,./genres/reggae/reggae.00055.wav
856,reggae,./genres/reggae/reggae.00056.wav
857,reggae,./genres/reggae/reggae.00057.wav
858,reggae,./genres/reggae/reggae.00058.wav
859,reggae,./genres/reggae/reggae.00059.wav
860,reggae,./genres/reggae/reggae.00060.wav
861,reggae,./genres/reggae/reggae.00061.wav
862,reggae,./genres/reggae/reggae.00062.wav
863,reggae,./genres/reggae/reggae.00063.wav
864,reggae,./genres/reggae/reggae.00064.wav
865,reggae,./genres/reggae/reggae.00065.wav
866,reggae,./genres/reggae/reggae.00066.wav
867,reggae,./genres/reggae/reggae.00067.wav
868,reggae,./genres/reggae/reggae.00068.wav
869,reggae,./genres/reggae/reggae.00069.wav
870,reggae,./genres/reggae/reggae.00070.wav
871,reggae,./genres/reggae/reggae.00071.wav
872,reggae,./genres/reggae/reggae.00072.wav
873,reggae,./genres/reggae/reggae.00073.wav
874,reggae,./genres/reggae/reggae.00074.wav
875,reggae,./genres/reggae/reggae.00075.wav
876,reggae,./genres/reggae/reggae.00076.wav
877,reggae,./genres/reggae/reggae.00077.wav
878,reggae,./genres/reggae/reggae.00078.wav
879,reggae,./genres/reggae/reggae.00079.wav
880,reggae,./genres/reggae/reggae.00080.wav
881,reggae,./genres/reggae/reggae.00081.wav
882,reggae,./genres/reggae/reggae.00082.wav
883,reggae,./genres/reggae/reggae.00083.wav
884,reggae,./genres/reggae/reggae.00084.wav
885,reggae,./genres/reggae/reggae.00085.wav
886,reggae,./genres/reggae/reggae.00086.wav
887,reggae,./genres/reggae/reggae.00087.wav
888,reggae,./genres/reggae/reggae.00088.wav
889,reggae,./genres/reggae/reggae.00089.wav
890,reggae,./genres/reggae/reggae.00090.wav
891,reggae,./genres/reggae/reggae.00091.wav
892,reggae,./genres/reggae/reggae.00092.wav
893,reggae,./genres/reggae/reggae.00093.wav
894,reggae,./genres/reggae/reggae.00094.wav
895,reggae,./genres/reggae/reggae.00095.wav
896,reggae,./genres/reggae/reggae.00096.wav
897,reggae,./genres/reggae/reggae.00097.wav
898,reggae,./genres/reggae/reggae.00098.wav
899,reggae,./genres/reggae/reggae.00099.wav
900,rock,./genres/rock/rock.00000.wav
901,rock,./genres/rock/rock.00001.wav
902,rock,./genres/rock/rock.00002.wav
903,rock,./genres/rock/rock.00003.wav
904,rock,./genres/rock/rock.00004.wav
905,rock,./genres/rock/rock.00005.wav
906,rock,./genres/rock/rock.00006.wav
907,rock,./genres/rock/rock.00007.wav
908,rock,./genres/rock/rock.00008.wav
909,rock,./genres/rock/rock.00009.wav
910,rock,./genres/rock/rock.00010.wav
911,rock,./genres/rock/rock.00011.wav
912,rock,./genres/rock/rock.00012.wav
913,rock,./genres/rock/rock.00013.wav
914,rock,./genres/rock/rock.00014.wav
915,rock,./genres/rock/rock.00015.wav
916,rock,./genres/rock/rock.00016.wav
917,rock,./genres/rock/rock.00017.wav
918,rock,./genres/rock/rock.00018.wav
919,rock,./genres/rock/rock.00019.wav
920,rock,./genres/rock/rock.00020.wav
921,rock,./genres/rock/rock.00021.wav
922,rock,./genres/rock/rock.00022.wav
923,rock,./genres/rock/rock.00023.wav
924,rock,./genres/rock/rock.00024.wav
925,rock,./genres/rock/rock.00025.wav
926,rock,./genres/rock/rock.00026.wav
927,rock,./genres/rock/rock.00027.wav
928,rock,./genres/rock/rock.00028.wav
929,rock,./genres/rock/rock.00029.wav
930,rock,./genres/rock/rock.00030.wav
931,rock,./genres/rock/rock.00031.wav
932,rock,./genres/rock/rock.00032.wav
933,rock,./genres/rock/rock.00033.wav
934,rock,./genres/rock/rock.00034.wav
935,rock,./genres/rock/rock.00035.wav
936,rock,./genres/rock/rock.00036.wav
937,rock,./genres/rock/rock.00037.wav
938,rock,./genres/rock/rock.00038.wav
939,rock,./genres/rock/rock.00039.wav
940,rock,./genres/rock/rock.00040.wav
941,rock,./genres/rock/rock.00041.wav
942,rock,./genres/rock/rock.00042.wav
943,rock,./genres/rock/rock.00043.wav
944,rock,./genres/rock/rock.00044.wav
945,rock,./genres/rock/rock.00045.wav
946,rock,./genres/rock/rock.00046.wav
947,rock,./genres/rock/rock.00047.wav
948,rock,./genres/rock/rock.00048.wav
949,rock,./genres/rock/rock.00049.wav
950,rock,./genres/rock/rock.00050.wav
951,rock,./genres/rock/rock.00051.wav
952,rock,./genres/rock/rock.00052.wav
953,rock,./genres/rock/rock.00053.wav
954,rock,./genres/rock/rock.00054.wav
955,rock,./genres/rock/rock.00055.wav
956,rock,./genres/rock/rock.00056.wav
957,rock,./genres/rock/rock.00057.wav
958,rock,./genres/rock/rock.00058.wav
959,rock,./genres/rock/rock.00059.wav
960,rock,./genres/rock/rock.00060.wav
961,rock,./genres/rock/rock.00061.wav
962,rock,./genres/rock/rock.00062.wav
963,rock,./genres/rock/rock.00063.wav
964,rock,./genres/rock/rock.00064.wav
965,rock,./genres/rock/rock.00065.wav
966,rock,./genres/rock/rock.00066.wav
967,rock,./genres/rock/rock.00067.wav
968,rock,./genres/rock/rock.00068.wav
969,rock,./genres/rock/rock.00069.wav
970,rock,./genres/rock/rock.00070.wav
971,rock,./genres/rock/rock.00071.wav
972,rock,./genres/rock/rock.00072.wav
973,rock,./genres/rock/rock.00073.wav
974,rock,./genres/rock/rock.00074.wav
975,rock,./genres/rock/rock.00075.wav
976,rock,./genres/rock/rock.00076.wav
977,rock,./genres/rock/rock.00077.wav
978,rock,./genres/rock/rock.00078.wav
979,rock,./genres/rock/rock.00079.wav
980,rock,./genres/rock/rock.00080.wav
981,rock,./genres/rock/rock.00081.wav
982,rock,./genres/rock/rock.00082.wav
983,rock,./genres/rock/rock.00083.wav
984,rock,./genres/rock/rock.00084.wav
985,rock,./genres/rock/rock.00085.wav
986,rock,./genres/rock/rock.00086.wav
987,rock,./genres/rock/rock.00087.wav
988,rock,./genres/rock/rock.00088.wav
989,rock,./genres/rock/rock.00089.wav
990,rock,./genres/rock/rock.00090.wav
991,rock,./genres/rock/rock.00091.wav
992,rock,./genres/rock/rock.00092.wav
993,rock,./genres/rock/rock.00093.wav
994,rock,./genres/rock/rock.00094.wav
995,rock,./genres/rock/rock.00095.wav
996,rock,./genres/rock/rock.00096.wav
997,rock,./genres/rock/rock.00097.wav
998,rock,./genres/rock/rock.00098.wav
999,rock,./genres/rock/rock.00099.wav
